fecha,directrices,plantilla,contexto,mensaje_generado
2025-02-25 23:32:26,"- manten un lenguaje profesional
- mostrate amigable e interesado en conocer más sobre la situación del cliente en cada mensaje 
- usa un acento argentino, no neutro","Hola, Cómo [nombre] estás? Espero que  bien. Te cuento que ofrecemos soluciones que potencian [areas y procesos claves del rubro especifico, una linea] con una aplicación totalmente personalizada por nosotros, dando [beneficios clave basado en los servicios y el rubro, una linea]. Además, trabajamos con un chatbot inteligente que responde de forma natural y humana, asegurando una atención ágil y personalizada. ¿Te interesa agendar una llamada para un asesoramiento gratuito?","dueño andres, una inmobiliaria familiar en entre ríos con una buena pagina web pero muchos clientes desordenados","Hola, ¿Cómo estás Andrés? ¡Espero que andes bárbaro! Te comento que ofrecemos soluciones que potencian la gestión de clientes y la organización interna de inmobiliarias como la tuya, con una aplicación totalmente personalizada, ¡hecha por nosotros! Así, podés sacarle el máximo provecho a esa linda página web que tenés. Además, trabajamos con un chatbot inteligente que responde de forma natural y humana, asegurando una atención ágil y personalizada para todos tus clientes. ¿Te interesa agendar una llamada para un asesoramiento gratuito y charlar un poco más sobre cómo podemos ayudarte?"
2025-02-25 23:32:27,"- manten un lenguaje profesional
- mostrate amigable e interesado en conocer más sobre la situación del cliente en cada mensaje 
- usa un acento argentino, no neutro","Hola, Cómo [nombre] estás? Espero que  bien. Te cuento que ofrecemos soluciones que potencian [areas y procesos claves del rubro especifico, una linea] con una aplicación totalmente personalizada por nosotros, dando [beneficios clave basado en los servicios y el rubro, una linea]. Además, trabajamos con un chatbot inteligente que responde de forma natural y humana, asegurando una atención ágil y personalizada. ¿Te interesa agendar una llamada para un asesoramiento gratuito?","constructora de piscinas, maximo es el gerente comercial. empresa antigua, con muchos clientes pero dificultad de apalancarse de esa base de datos para realizar operaciones comerciales inteligentes","Hola, ¿Cómo estás, [nombre]? ¡Espero que todo ande de maravilla! Te cuento que en [Nombre de la empresa] ofrecemos soluciones para constructoras de piscinas como la tuya que potencian la gestión de tus clientes, desde la captación hasta la postventa, con una aplicación totalmente personalizada por nosotros, que te da el control total de la información y te ayuda a fidelizar a tus clientes. Además, trabajamos con un chatbot inteligente que responde de forma natural y humana, aprovechando al máximo tu valiosa base de datos para generar nuevas oportunidades. ¿Te interesa agendar una llamada con Máximo, nuestro gerente comercial, para un asesoramiento gratuito?"
2025-02-25 23:36:46,"- manten un lenguaje profesional
- mostrate amigable e interesado en conocer más sobre la situación del cliente en cada mensaje 
- usa un acento argentino, no neutro
- el mensaje se enviara automaticamente así que si no tienes datos necesarios no los uses, no dejes [campos] incompletos
- no abras frases con los signos ¿ o ¡, mantente algo informal en ese aspecto
- evita usar tildes siempre, escribe algunas palabras sin la tilde correspondiente
- el mensaje debe parecer generado a mano por un humano que manda muchos mensajes personalizados, no debe estar perfecto ni parecer una inteligencia artificial.
- manten un tono calmo, sin mucha emoción","Hola, Cómo [nombre] estás? Espero que  bien. Te cuento que ofrecemos soluciones que potencian [areas y procesos claves del rubro especifico, una linea] con una aplicación totalmente personalizada por nosotros, dando [beneficios clave basado en los servicios y el rubro, una linea]. Además, trabajamos con un chatbot inteligente que responde de forma natural y humana, asegurando una atención ágil y personalizada. ¿Te interesa agendar una llamada para un asesoramiento gratuito?","dueño andres, una inmobiliaria familiar en entre ríos con una buena pagina web pero muchos clientes desordenados","Hola, Como estas [nombre]? Espero que bien. Te cuento que ofrecemos soluciones que potencian la gestion de propiedades y la comunicacion con tus clientes, con una aplicacion totalmente personalizada por nosotros, dando un orden a tus contactos y optimizando la atencion. Ademas, trabajamos con un chatbot inteligente que responde de forma natural y humana, asegurando una atencion agil y personalizada. Te interesa agendar una llamada para un asesoramiento gratuito?"
2025-02-25 23:36:47,"- manten un lenguaje profesional
- mostrate amigable e interesado en conocer más sobre la situación del cliente en cada mensaje 
- usa un acento argentino, no neutro
- el mensaje se enviara automaticamente así que si no tienes datos necesarios no los uses, no dejes [campos] incompletos
- no abras frases con los signos ¿ o ¡, mantente algo informal en ese aspecto
- evita usar tildes siempre, escribe algunas palabras sin la tilde correspondiente
- el mensaje debe parecer generado a mano por un humano que manda muchos mensajes personalizados, no debe estar perfecto ni parecer una inteligencia artificial.
- manten un tono calmo, sin mucha emoción","Hola, Cómo [nombre] estás? Espero que  bien. Te cuento que ofrecemos soluciones que potencian [areas y procesos claves del rubro especifico, una linea] con una aplicación totalmente personalizada por nosotros, dando [beneficios clave basado en los servicios y el rubro, una linea]. Además, trabajamos con un chatbot inteligente que responde de forma natural y humana, asegurando una atención ágil y personalizada. ¿Te interesa agendar una llamada para un asesoramiento gratuito?","constructora de piscinas 'culzoni', maximo es el gerente comercial. empresa antigua, con muchos clientes pero dificultad de apalancarse de esa base de datos para realizar operaciones comerciales inteligentes","Hola, Como [nombre] estas? Espero que bien. Te cuento que ofrecemos soluciones que potencian la gestion de clientes y las ventas con una aplicacion totalmente personalizada por nosotros, dando una mejor organizacion y seguimiento de tus clientes. Ademas, trabajamos con un chatbot inteligente que responde de forma natural y humana, asegurando una atencion agil y personalizada. Te interesa agendar una llamada para un asesoramiento gratuito?"
2025-02-25 23:37:39,"- manten un lenguaje profesional
- mostrate amigable e interesado en conocer más sobre la situación del cliente en cada mensaje 
- usa un acento argentino, no neutro
- el mensaje se enviara automaticamente así que si no tienes datos necesarios no los uses, no dejes [campos] incompletos
- no abras frases con los signos ¿ o ¡, mantente algo informal en ese aspecto
- evita usar tildes siempre, escribe algunas palabras sin la tilde correspondiente
- el mensaje debe parecer generado a mano por un humano que manda muchos mensajes personalizados, no debe estar perfecto ni parecer una inteligencia artificial.
- manten un tono calmo, sin mucha emoción","Hola, Cómo [nombre de la persona a la que le estamos enviando el mensaje] estás? Espero que  bien. Te cuento que ofrecemos soluciones que potencian [areas y procesos claves del rubro especifico, una linea] con una aplicación totalmente personalizada por nosotros, dando [beneficios clave basado en los servicios y el rubro, una linea]. Además, trabajamos con un chatbot inteligente que responde de forma natural y humana, asegurando una atención ágil y personalizada. ¿Te interesa agendar una llamada para un asesoramiento gratuito?","nombre del dueño: andres, una inmobiliaria familiar en entre ríos con una buena pagina web pero muchos clientes desordenados","Hola, Cómo estás? Espero que bien. Te cuento que ofrecemos soluciones que potencian la gestion de clientes de inmobiliarias como la tuya, con una aplicacion totalmente personalizada por nosotros, dando un seguimiento mas cercano a cada cliente. Ademas, trabajamos con un chatbot inteligente que responde de forma natural y humana, asegurando una atencion agil y personalizada. ¿Te interesa agendar una llamada para un asesoramiento gratuito?"
2025-02-25 23:37:40,"- manten un lenguaje profesional
- mostrate amigable e interesado en conocer más sobre la situación del cliente en cada mensaje 
- usa un acento argentino, no neutro
- el mensaje se enviara automaticamente así que si no tienes datos necesarios no los uses, no dejes [campos] incompletos
- no abras frases con los signos ¿ o ¡, mantente algo informal en ese aspecto
- evita usar tildes siempre, escribe algunas palabras sin la tilde correspondiente
- el mensaje debe parecer generado a mano por un humano que manda muchos mensajes personalizados, no debe estar perfecto ni parecer una inteligencia artificial.
- manten un tono calmo, sin mucha emoción","Hola, Cómo [nombre de la persona a la que le estamos enviando el mensaje] estás? Espero que  bien. Te cuento que ofrecemos soluciones que potencian [areas y procesos claves del rubro especifico, una linea] con una aplicación totalmente personalizada por nosotros, dando [beneficios clave basado en los servicios y el rubro, una linea]. Además, trabajamos con un chatbot inteligente que responde de forma natural y humana, asegurando una atención ágil y personalizada. ¿Te interesa agendar una llamada para un asesoramiento gratuito?","constructora de piscinas 'culzoni', se llama maximo es el gerente comercial. empresa antigua, con muchos clientes pero dificultad de apalancarse de esa base de datos para realizar operaciones comerciales inteligentes","Hola, Como Maximo estas? Espero que bien. Te cuento que ofrecemos soluciones que potencian la gestion de clientes para constructoras como Culzoni, con una aplicacion totalmente personalizada por nosotros, dando seguimiento inteligente de cada oportunidad de venta. Ademas, trabajamos con un chatbot inteligente que responde de forma natural y humana, asegurando una atencion agil y personalizada. Te interesa agendar una llamada para un asesoramiento gratuito?"
2025-02-26 00:02:14,"- manten un lenguaje profesional
- mostrate amigable e interesado en conocer más sobre la situación del cliente en cada mensaje 
- usa un acento argentino, no neutro
- el mensaje se enviara automaticamente así que si no tienes datos necesarios no los uses, no dejes [campos] incompletos
- no abras frases con los signos ¿ o ¡, mantente algo informal en ese aspecto
- evita usar tildes siempre, escribe algunas palabras sin la tilde correspondiente
- el mensaje debe parecer generado a mano por un humano que manda muchos mensajes personalizados, no debe estar perfecto ni parecer una inteligencia artificial.
- manten un tono calmo, sin mucha emoción","Hola, Cómo [nombre] estás? Espero que  bien. Te cuento que ofrecemos soluciones que potencian [areas y procesos claves del rubro especifico, una linea] con una aplicación totalmente personalizada por nosotros, dando [beneficios clave basado en los servicios y el rubro, una linea]. Además, trabajamos con un chatbot inteligente que responde de forma natural y humana, asegurando una atención ágil y personalizada. ¿Te interesa agendar una llamada para un asesoramiento gratuito?","dueño andres, una inmobiliaria familiar en entre ríos con una buena pagina web pero muchos clientes desordenados","Hola, Cómo estas? Espero que bien. Te cuento que ofrecemos soluciones que potencian la gestion de clientes y propiedades, algo fundamental para una inmobiliaria familiar como la tuya, con una aplicacion totalmente personalizada por nosotros, dando mayor orden y eficiencia a tus procesos. Ademas, trabajamos con un chatbot inteligente que responde de forma natural y humana, asegurando una atencion agil y personalizada a tus clientes. Te interesa agendar una llamada para un asesoramiento gratuito?"
2025-02-26 00:02:15,"- manten un lenguaje profesional
- mostrate amigable e interesado en conocer más sobre la situación del cliente en cada mensaje 
- usa un acento argentino, no neutro
- el mensaje se enviara automaticamente así que si no tienes datos necesarios no los uses, no dejes [campos] incompletos
- no abras frases con los signos ¿ o ¡, mantente algo informal en ese aspecto
- evita usar tildes siempre, escribe algunas palabras sin la tilde correspondiente
- el mensaje debe parecer generado a mano por un humano que manda muchos mensajes personalizados, no debe estar perfecto ni parecer una inteligencia artificial.
- manten un tono calmo, sin mucha emoción","Hola, Cómo [nombre] estás? Espero que  bien. Te cuento que ofrecemos soluciones que potencian [areas y procesos claves del rubro especifico, una linea] con una aplicación totalmente personalizada por nosotros, dando [beneficios clave basado en los servicios y el rubro, una linea]. Además, trabajamos con un chatbot inteligente que responde de forma natural y humana, asegurando una atención ágil y personalizada. ¿Te interesa agendar una llamada para un asesoramiento gratuito?","constructora de piscinas, maximo es el gerente comercial. empresa antigua, con muchos clientes pero dificultad de apalancarse de esa base de datos para realizar operaciones comerciales inteligentes","Hola, Como estas [nombre]? Espero que bien. Te cuento que ofrecemos soluciones que potencian la gestion de clientes y las ventas en constructoras como la tuya, con una aplicacion totalmente personalizada por nosotros, dando un mejor seguimiento y cierre de ventas. Ademas, trabajamos con un chatbot inteligente que responde de forma natural y humana, asegurando que ningun cliente quede sin atencion. Te interesa agendar una llamada para un asesoramiento gratuito?"
2025-02-26 00:02:36,"- manten un lenguaje profesional
- mostrate amigable e interesado en conocer más sobre la situación del cliente en cada mensaje 
- usa un acento argentino, no neutro
- el mensaje se enviara automaticamente así que si no tienes datos necesarios no los uses, no dejes [campos] incompletos
- no abras frases con los signos ¿ o ¡, mantente algo informal en ese aspecto
- evita usar tildes siempre, escribe algunas palabras sin la tilde correspondiente
- el mensaje debe parecer generado a mano por un humano que manda muchos mensajes personalizados, no debe estar perfecto ni parecer una inteligencia artificial.
- manten un tono calmo, sin mucha emoción","Hola, Cómo [nombre] estás? Espero que  bien. Te cuento que ofrecemos soluciones que potencian [areas y procesos claves del rubro especifico, una linea] con una aplicación totalmente personalizada por nosotros, dando [beneficios clave basado en los servicios y el rubro, una linea]. Además, trabajamos con un chatbot inteligente que responde de forma natural y humana, asegurando una atención ágil y personalizada. ¿Te interesa agendar una llamada para un asesoramiento gratuito?","dueño se llama andres, una inmobiliaria familiar en entre ríos con una buena pagina web pero muchos clientes desordenados","Hola, Como estas [nombre]? Espero que bien. Te cuento que ofrecemos soluciones que potencian la gestion de propiedades y la comunicacion con tus clientes, con una aplicacion totalmente personalizada por nosotros, dando un orden a tus contactos y agilizando el proceso de alquiler y venta. Ademas, trabajamos con un chatbot inteligente que responde de forma natural y humana, asegurando una atencion agil y personalizada. Te interesa agendar una llamada para un asesoramiento gratuito?"
2025-02-26 00:02:37,"- manten un lenguaje profesional
- mostrate amigable e interesado en conocer más sobre la situación del cliente en cada mensaje 
- usa un acento argentino, no neutro
- el mensaje se enviara automaticamente así que si no tienes datos necesarios no los uses, no dejes [campos] incompletos
- no abras frases con los signos ¿ o ¡, mantente algo informal en ese aspecto
- evita usar tildes siempre, escribe algunas palabras sin la tilde correspondiente
- el mensaje debe parecer generado a mano por un humano que manda muchos mensajes personalizados, no debe estar perfecto ni parecer una inteligencia artificial.
- manten un tono calmo, sin mucha emoción","Hola, Cómo [nombre] estás? Espero que  bien. Te cuento que ofrecemos soluciones que potencian [areas y procesos claves del rubro especifico, una linea] con una aplicación totalmente personalizada por nosotros, dando [beneficios clave basado en los servicios y el rubro, una linea]. Además, trabajamos con un chatbot inteligente que responde de forma natural y humana, asegurando una atención ágil y personalizada. ¿Te interesa agendar una llamada para un asesoramiento gratuito?","constructora de piscinas, se llama maximo es el gerente comercial. empresa antigua, con muchos clientes pero dificultad de apalancarse de esa base de datos para realizar operaciones comerciales inteligentes","Hola, Como estas [nombre]? Espero que bien. Te cuento que ofrecemos soluciones que potencian la gestion de clientes de constructoras como la tuya, con una aplicacion totalmente personalizada por nosotros, dando un seguimiento mas cercano y la posibilidad de ofrecer nuevos servicios a tus clientes actuales. Ademas, trabajamos con un chatbot inteligente que responde de forma natural y humana, asegurando una atencion agil y personalizada. Te interesa agendar una llamada para un asesoramiento gratuito?"
2025-02-26 00:03:29,"- manten un lenguaje profesional
- mostrate amigable e interesado en conocer más sobre la situación del cliente en cada mensaje 
- usa un acento argentino, no neutro
- el mensaje se enviara automaticamente así que SIN EXCEPCIÓN no dejes [campos] incompletos
- no abras frases con los signos ¿ o ¡, mantente algo informal en ese aspecto
- evita usar tildes siempre, escribe algunas palabras sin la tilde correspondiente
- el mensaje debe parecer generado a mano por un humano que manda muchos mensajes personalizados, no debe estar perfecto ni parecer una inteligencia artificial.
- manten un tono calmo, sin mucha emoción","Hola, Cómo [nombre] estás? Espero que  bien. Te cuento que ofrecemos soluciones que potencian [areas y procesos claves del rubro especifico, una linea] con una aplicación totalmente personalizada por nosotros, dando [beneficios clave basado en los servicios y el rubro, una linea]. Además, trabajamos con un chatbot inteligente que responde de forma natural y humana, asegurando una atención ágil y personalizada. ¿Te interesa agendar una llamada para un asesoramiento gratuito?","se llama andres, una inmobiliaria familiar en entre ríos con una buena pagina web pero muchos clientes desordenados","Hola, Cómo andres estás? Espero que bien. Te cuento que ofrecemos soluciones que potencian la gestion de clientes y propiedades con una aplicacion totalmente personalizada por nosotros, dando un mejor manejo de tu cartera y mas tiempo para vos. Ademas, trabajamos con un chatbot inteligente que responde de forma natural y humana, asegurando una atencion agil y personalizada. Te interesa agendar una llamada para un asesoramiento gratuito?"
2025-02-26 00:03:30,"- manten un lenguaje profesional
- mostrate amigable e interesado en conocer más sobre la situación del cliente en cada mensaje 
- usa un acento argentino, no neutro
- el mensaje se enviara automaticamente así que SIN EXCEPCIÓN no dejes [campos] incompletos
- no abras frases con los signos ¿ o ¡, mantente algo informal en ese aspecto
- evita usar tildes siempre, escribe algunas palabras sin la tilde correspondiente
- el mensaje debe parecer generado a mano por un humano que manda muchos mensajes personalizados, no debe estar perfecto ni parecer una inteligencia artificial.
- manten un tono calmo, sin mucha emoción","Hola, Cómo [nombre] estás? Espero que  bien. Te cuento que ofrecemos soluciones que potencian [areas y procesos claves del rubro especifico, una linea] con una aplicación totalmente personalizada por nosotros, dando [beneficios clave basado en los servicios y el rubro, una linea]. Además, trabajamos con un chatbot inteligente que responde de forma natural y humana, asegurando una atención ágil y personalizada. ¿Te interesa agendar una llamada para un asesoramiento gratuito?","constructora de piscinas, se llama maximo es el gerente comercial. empresa antigua, con muchos clientes pero dificultad de apalancarse de esa base de datos para realizar operaciones comerciales inteligentes","Hola, Cómo Máximo estás? Espero que bien. Te cuento que ofrecemos soluciones que potencian la gestion de clientes y el seguimiento de proyectos con una aplicación totalmente personalizada por nosotros, dando una mejor organización y comunicación interna. Ademas, trabajamos con un chatbot inteligente que responde de forma natural y humana, asegurando una atencion agil y personalizada. Te interesa agendar una llamada para un asesoramiento gratuito?"
