pk,pk_id,id,username,full_name,is_private,fbid_v2,third_party_downloads_enabled,strong_id__,profile_pic_id,profile_pic_url,is_verified,has_anonymous_profile_picture,account_badges,latest_reel_media
63689709107,63689709107,63689709107,saucotec,Saucotec | InnovaÃÅ en tu negocio üí°,False,17841463753221213,0,63689709107,3259284150275773317_63689709107,https://instagram.fepa8-1.fna.fbcdn.net/v/t51.2885-19/410648744_734991914725393_1203915546649712123_n.jpg?stp=dst-jpg_e0_s150x150_tt6&_nc_ht=instagram.fepa8-1.fna.fbcdn.net&_nc_cat=101&_nc_oc=Q6cZ2AFqLpBzb03YCD8oTM0sI0TswjwSeHvDPAlJc_tvSeNS6v4Nwx1rTBthQwXdn-7yMHMap4KEyycXO1xdvzooNh7W&_nc_ohc=ztaHFPWpcigQ7kNvgGXc22w&_nc_gid=c27fa397e41049898f18c7bdb5eb41bc&edm=APQMUHMBAAAA&ccb=7-5&oh=00_AYAxw8_AkkYWqJ59KOJGegRdjfWHByaW2ifVkZ9aBZjrmw&oe=67C30030&_nc_sid=6ff7c8,False,False,[],0
39938268450,39938268450,39938268450,alex_petu,Alexis,True,17841439973512283,1,39938268450,2372124992833144957_39938268450,https://instagram.fepa8-1.fna.fbcdn.net/v/t51.2885-19/117372292_1015040982261410_3791549539017149247_n.jpg?stp=dst-jpg_e0_s150x150_tt6&_nc_ht=instagram.fepa8-1.fna.fbcdn.net&_nc_cat=102&_nc_oc=Q6cZ2AFqLpBzb03YCD8oTM0sI0TswjwSeHvDPAlJc_tvSeNS6v4Nwx1rTBthQwXdn-7yMHMap4KEyycXO1xdvzooNh7W&_nc_ohc=ARulfrQCs3sQ7kNvgHWe4cu&_nc_gid=c27fa397e41049898f18c7bdb5eb41bc&edm=APQMUHMBAAAA&ccb=7-5&oh=00_AYA0pdxtxjC8x7nxnGyKDTJGQHCeDgo-caT9zVHbHd0kiQ&oe=67C307BA&_nc_sid=6ff7c8,False,False,[],0
66673265627,66673265627,66673265627,claudiosegundodiaz83,Claudio Lobos,True,17841466528834158,0,66673265627,3453010560247270385_66673265627,https://instagram.fepa8-1.fna.fbcdn.net/v/t51.2885-19/458962036_1467586153958956_8365828113694463596_n.jpg?stp=dst-jpg_e0_s150x150_tt6&_nc_ht=instagram.fepa8-1.fna.fbcdn.net&_nc_cat=104&_nc_oc=Q6cZ2AFqLpBzb03YCD8oTM0sI0TswjwSeHvDPAlJc_tvSeNS6v4Nwx1rTBthQwXdn-7yMHMap4KEyycXO1xdvzooNh7W&_nc_ohc=jA13uexv0hYQ7kNvgHA_qd5&_nc_gid=c27fa397e41049898f18c7bdb5eb41bc&edm=APQMUHMBAAAA&ccb=7-5&oh=00_AYD2v2chkI0Uy0lIDT3abJvAdxzezZIQEiATmZh4cuZUBA&oe=67C30195&_nc_sid=6ff7c8,False,False,[],0
1265663437,1265663437,1265663437,germanrodrigogomez,German Rodrigo Gomez,True,17841401903129775,0,1265663437,2602664379181432949_1265663437,https://instagram.fepa8-1.fna.fbcdn.net/v/t51.2885-19/205720212_2161088174031770_1623007753082702939_n.jpg?stp=dst-jpg_e0_s150x150_tt6&_nc_ht=instagram.fepa8-1.fna.fbcdn.net&_nc_cat=102&_nc_oc=Q6cZ2AFqLpBzb03YCD8oTM0sI0TswjwSeHvDPAlJc_tvSeNS6v4Nwx1rTBthQwXdn-7yMHMap4KEyycXO1xdvzooNh7W&_nc_ohc=mb8keQlzvLAQ7kNvgEduQ16&_nc_gid=c27fa397e41049898f18c7bdb5eb41bc&edm=APQMUHMBAAAA&ccb=7-5&oh=00_AYAQs-wjxS1qUJcdSzLB6pSYey6Bx21PFNW54WwHs25qFg&oe=67C31353&_nc_sid=6ff7c8,False,False,[],0
52849486226,52849486226,52849486226,carlosdavid8327,Carlos Garcia,False,17841452986786185,0,52849486226,,https://instagram.fthe5-1.fna.fbcdn.net/v/t51.2885-19/464760996_1254146839119862_3605321457742435801_n.png?stp=dst-jpg_e0_s150x150_tt6&cb=8577c754-c2464923&_nc_ht=instagram.fthe5-1.fna.fbcdn.net&_nc_cat=1&_nc_oc=Q6cZ2AG3iqxNi9S2_T_WXsm56BiLK5SWmJSJI52_t3luykZa6wS2YC12lwuYU2gzJariOmarHailrAyIUoXu_F4wJJs3&_nc_ohc=eypxxBEX0fgQ7kNvgGFC6SA&_nc_gid=c68b3f34eac04ab99683664da5be023d&edm=AL4D0a4BAAAA&ccb=7-5&ig_cache_key=YW5vbnltb3VzX3Byb2ZpbGVfcGlj.3-ccb7-5-cb8577c754-c2464923&oh=00_AYD8A10OYz1Gwup1gz9RU0n56wQgx5cOA6SMOLaairzJsQ&oe=67C2E9E8&_nc_sid=9e8221,False,True,[],0
3281942138,3281942138,3281942138,graciela4709,adriana graciela,False,17841403304160242,0,3281942138,3522261110275451728_3281942138,https://instagram.fepa8-1.fna.fbcdn.net/v/t51.2885-19/470068295_568982712665954_7516175629230401073_n.jpg?stp=dst-jpg_e0_s150x150_tt6&_nc_ht=instagram.fepa8-1.fna.fbcdn.net&_nc_cat=102&_nc_oc=Q6cZ2AFqLpBzb03YCD8oTM0sI0TswjwSeHvDPAlJc_tvSeNS6v4Nwx1rTBthQwXdn-7yMHMap4KEyycXO1xdvzooNh7W&_nc_ohc=8MSy_RbpOUwQ7kNvgE5VWAy&_nc_gid=c27fa397e41049898f18c7bdb5eb41bc&edm=APQMUHMBAAAA&ccb=7-5&oh=00_AYCPuV0128UHnZQkVTudpowWsdiEH-zNRJWx4yU0VMUX4g&oe=67C2F2CA&_nc_sid=6ff7c8,False,False,[],0
2282978575,2282978575,2282978575,ayeleen_73,Ayelen Valencia,True,17841402237265372,0,2282978575,3524931758212809084_2282978575,https://instagram.fepa8-1.fna.fbcdn.net/v/t51.2885-19/470717584_974896658023906_4594474854855461059_n.jpg?stp=dst-jpg_e0_s150x150_tt6&_nc_ht=instagram.fepa8-1.fna.fbcdn.net&_nc_cat=110&_nc_oc=Q6cZ2AFqLpBzb03YCD8oTM0sI0TswjwSeHvDPAlJc_tvSeNS6v4Nwx1rTBthQwXdn-7yMHMap4KEyycXO1xdvzooNh7W&_nc_ohc=IM_wnlkBAyMQ7kNvgEaEDgh&_nc_gid=c27fa397e41049898f18c7bdb5eb41bc&edm=APQMUHMBAAAA&ccb=7-5&oh=00_AYAZsZV7oEDw-9vN0ps-mp2nFrEPWqJ0ISZO1bzAzQ6gVg&oe=67C2FBAD&_nc_sid=6ff7c8,False,False,[],0
7600215700,7600215700,7600215700,veritoachu,veronica almeida,False,17841407671020026,0,7600215700,3540542640668274124_7600215700,https://instagram.fepa8-1.fna.fbcdn.net/v/t51.2885-19/473010152_4015669722050571_7355823857001872563_n.jpg?stp=dst-jpg_e0_s150x150_tt6&_nc_ht=instagram.fepa8-1.fna.fbcdn.net&_nc_cat=103&_nc_oc=Q6cZ2AFqLpBzb03YCD8oTM0sI0TswjwSeHvDPAlJc_tvSeNS6v4Nwx1rTBthQwXdn-7yMHMap4KEyycXO1xdvzooNh7W&_nc_ohc=vMWN9PuwHvcQ7kNvgERlhuW&_nc_gid=c27fa397e41049898f18c7bdb5eb41bc&edm=APQMUHMBAAAA&ccb=7-5&oh=00_AYAWN8rE_3lyDB4qRF3Fp6M_ttNxwljcXONtcKFRfFP-gg&oe=67C2EF8A&_nc_sid=6ff7c8,False,False,[],0
1572445089,1572445089,1572445089,medina_clari,Clari Medina,False,17841400872694569,1,1572445089,3134158356981473427_1572445089,https://instagram.fepa8-1.fna.fbcdn.net/v/t51.2885-19/356031458_1250110455643594_8450921091151259114_n.jpg?stp=dst-jpg_e0_s150x150_tt6&_nc_ht=instagram.fepa8-1.fna.fbcdn.net&_nc_cat=110&_nc_oc=Q6cZ2AFqLpBzb03YCD8oTM0sI0TswjwSeHvDPAlJc_tvSeNS6v4Nwx1rTBthQwXdn-7yMHMap4KEyycXO1xdvzooNh7W&_nc_ohc=77ankgRQEW0Q7kNvgEgt1OP&_nc_gid=c27fa397e41049898f18c7bdb5eb41bc&edm=APQMUHMBAAAA&ccb=7-5&oh=00_AYAu0QcVcATLyl_uYTPSjG8zhqLOKADU-6XEliJElDC_mg&oe=67C2EEC1&_nc_sid=6ff7c8,False,False,[],0
8471180218,8471180218,8471180218,ricardoln35,Leguizamon Ricardo,True,17841408526548897,0,8471180218,3559192038170402232_8471180218,https://instagram.fepa8-1.fna.fbcdn.net/v/t51.2885-19/472615073_616012971128433_1116274838568454270_n.jpg?stp=dst-jpg_e0_s150x150_tt6&_nc_ht=instagram.fepa8-1.fna.fbcdn.net&_nc_cat=109&_nc_oc=Q6cZ2AFqLpBzb03YCD8oTM0sI0TswjwSeHvDPAlJc_tvSeNS6v4Nwx1rTBthQwXdn-7yMHMap4KEyycXO1xdvzooNh7W&_nc_ohc=gF_NbJTg5y0Q7kNvgEbGfB-&_nc_gid=c27fa397e41049898f18c7bdb5eb41bc&edm=APQMUHMBAAAA&ccb=7-5&oh=00_AYARamUmXJuyYTP_TKtMcQl-lH2ARyF_VecBmdVv18OaEw&oe=67C2FBF6&_nc_sid=6ff7c8,False,False,[],0
1643128538,1643128538,1643128538,omar1961salta,Omar Angel Montellano,False,17841401696165673,0,1643128538,2824248776518130022_1643128538,https://instagram.fepa8-1.fna.fbcdn.net/v/t51.2885-19/279072179_127814062964871_1441850515122541644_n.jpg?stp=dst-jpg_e0_s150x150_tt6&_nc_ht=instagram.fepa8-1.fna.fbcdn.net&_nc_cat=103&_nc_oc=Q6cZ2AFqLpBzb03YCD8oTM0sI0TswjwSeHvDPAlJc_tvSeNS6v4Nwx1rTBthQwXdn-7yMHMap4KEyycXO1xdvzooNh7W&_nc_ohc=5wg0VnSP-5wQ7kNvgEpUquk&_nc_gid=c27fa397e41049898f18c7bdb5eb41bc&edm=APQMUHMBAAAA&ccb=7-5&oh=00_AYCZ6bzY1mzn97yGIwLKxhyhJaYrmywqTC24DpNyZNl3og&oe=67C2FCAC&_nc_sid=6ff7c8,False,False,[],0
1088203655,1088203655,1088203655,gonzallonin,Gonza LLonin,True,17841400349667003,0,1088203655,2624258539097655076_1088203655,https://instagram.fepa8-1.fna.fbcdn.net/v/t51.2885-19/221234906_1990314311135214_4572610159020039990_n.jpg?stp=dst-jpg_e0_s150x150_tt6&_nc_ht=instagram.fepa8-1.fna.fbcdn.net&_nc_cat=106&_nc_oc=Q6cZ2AFqLpBzb03YCD8oTM0sI0TswjwSeHvDPAlJc_tvSeNS6v4Nwx1rTBthQwXdn-7yMHMap4KEyycXO1xdvzooNh7W&_nc_ohc=WBTTo3IAvEsQ7kNvgE5GqWG&_nc_gid=c27fa397e41049898f18c7bdb5eb41bc&edm=APQMUHMBAAAA&ccb=7-5&oh=00_AYDOBQNnzHLHBeci1UF67m7EZ278dFv4r_uhuacXCSo5hg&oe=67C2DFAA&_nc_sid=6ff7c8,False,False,[],0
59097727875,59097727875,59097727875,claudiosarate38,claudio,False,17841459276257215,1,59097727875,3541212351984963735_59097727875,https://instagram.fepa8-1.fna.fbcdn.net/v/t51.2885-19/473000683_639706395059320_7225212257222870674_n.jpg?stp=dst-jpg_e0_s150x150_tt6&_nc_ht=instagram.fepa8-1.fna.fbcdn.net&_nc_cat=104&_nc_oc=Q6cZ2AFqLpBzb03YCD8oTM0sI0TswjwSeHvDPAlJc_tvSeNS6v4Nwx1rTBthQwXdn-7yMHMap4KEyycXO1xdvzooNh7W&_nc_ohc=FoWi-W4SYfUQ7kNvgGMP6ys&_nc_gid=c27fa397e41049898f18c7bdb5eb41bc&edm=APQMUHMBAAAA&ccb=7-5&oh=00_AYDeU3QeRh3mvz58kvj6cr8DPJHxj4wjAelsLYenvxrKMQ&oe=67C31120&_nc_sid=6ff7c8,False,False,[],0
3909217531,3909217531,3909217531,lenliche,Liche Len,False,17841403885938652,0,3909217531,1539935895322337443_3909217531,https://instagram.fepa8-1.fna.fbcdn.net/v/t51.2885-19/19227791_428441287555145_6917851412181286912_a.jpg?stp=dst-jpg_e0_s150x150_tt6&_nc_ht=instagram.fepa8-1.fna.fbcdn.net&_nc_cat=105&_nc_oc=Q6cZ2AFqLpBzb03YCD8oTM0sI0TswjwSeHvDPAlJc_tvSeNS6v4Nwx1rTBthQwXdn-7yMHMap4KEyycXO1xdvzooNh7W&_nc_ohc=_kebmtEHzZcQ7kNvgHvTmNM&_nc_gid=c27fa397e41049898f18c7bdb5eb41bc&edm=APQMUHMBAAAA&ccb=7-5&oh=00_AYDGnuyOLhlsM9wqs84E0CwONY4Zjx8L4fn7u3SEQ7mbaw&oe=67C2DF91&_nc_sid=6ff7c8,False,False,[],0
21859047655,21859047655,21859047655,barroca.juan,Juan Barroca,False,17841422069652380,1,21859047655,3534063250909618806_21859047655,https://instagram.fepa8-1.fna.fbcdn.net/v/t51.2885-19/471847264_477643578701991_6562134259931208120_n.jpg?stp=dst-jpg_e0_s150x150_tt6&_nc_ht=instagram.fepa8-1.fna.fbcdn.net&_nc_cat=103&_nc_oc=Q6cZ2AFqLpBzb03YCD8oTM0sI0TswjwSeHvDPAlJc_tvSeNS6v4Nwx1rTBthQwXdn-7yMHMap4KEyycXO1xdvzooNh7W&_nc_ohc=tHdKgSQCZcUQ7kNvgEAui_g&_nc_gid=c27fa397e41049898f18c7bdb5eb41bc&edm=APQMUHMBAAAA&ccb=7-5&oh=00_AYBefTKt-GAACZdRI1CL4UU5-tis7tfCLckqTDlWqCkahA&oe=67C2E4E4&_nc_sid=6ff7c8,False,False,[],0
2919187378,2919187378,2919187378,lucio_lu87_,Lucio Lu,True,17841402981344898,1,2919187378,2996381622140423978_2919187378,https://instagram.fepa8-1.fna.fbcdn.net/v/t51.2885-19/320771354_134509656087807_1812249949434087850_n.jpg?stp=dst-jpg_e0_s150x150_tt6&_nc_ht=instagram.fepa8-1.fna.fbcdn.net&_nc_cat=103&_nc_oc=Q6cZ2AFqLpBzb03YCD8oTM0sI0TswjwSeHvDPAlJc_tvSeNS6v4Nwx1rTBthQwXdn-7yMHMap4KEyycXO1xdvzooNh7W&_nc_ohc=Fr5LkBxxl-wQ7kNvgFeI-iB&_nc_gid=c27fa397e41049898f18c7bdb5eb41bc&edm=APQMUHMBAAAA&ccb=7-5&oh=00_AYBspOcLIF4mBvIzUMowelOSakI4yXQHZH1vREQTC1HGTw&oe=67C2F9ED&_nc_sid=6ff7c8,False,False,[],0
3970443989,3970443989,3970443989,brunogonzalezcule,Bruno Gonzalez,True,17841403959686305,0,3970443989,3463085007100385811_3970443989,https://instagram.fepa8-1.fna.fbcdn.net/v/t51.2885-19/461177449_1037069457723533_7785146964826900777_n.jpg?stp=dst-jpg_e0_s150x150_tt6&_nc_ht=instagram.fepa8-1.fna.fbcdn.net&_nc_cat=105&_nc_oc=Q6cZ2AFqLpBzb03YCD8oTM0sI0TswjwSeHvDPAlJc_tvSeNS6v4Nwx1rTBthQwXdn-7yMHMap4KEyycXO1xdvzooNh7W&_nc_ohc=W9fDuXbS02oQ7kNvgEbw3kk&_nc_gid=c27fa397e41049898f18c7bdb5eb41bc&edm=APQMUHMBAAAA&ccb=7-5&oh=00_AYD0MAz1aWVmMTmU_7WjJ_mNt_4ysHh_JkBxQvSb9FFx9w&oe=67C30416&_nc_sid=6ff7c8,False,False,[],0
48117738963,48117738963,48117738963,romypomarada,Rommy Pomarada,False,17841448088904717,1,48117738963,2978292327463731210_48117738963,https://instagram.fepa8-1.fna.fbcdn.net/v/t51.2885-19/317059904_433500385652581_9103168318174671015_n.jpg?stp=dst-jpg_e0_s150x150_tt6&_nc_ht=instagram.fepa8-1.fna.fbcdn.net&_nc_cat=101&_nc_oc=Q6cZ2AFqLpBzb03YCD8oTM0sI0TswjwSeHvDPAlJc_tvSeNS6v4Nwx1rTBthQwXdn-7yMHMap4KEyycXO1xdvzooNh7W&_nc_ohc=iKu4f_ZDY6YQ7kNvgHFDYpC&_nc_gid=c27fa397e41049898f18c7bdb5eb41bc&edm=APQMUHMBAAAA&ccb=7-5&oh=00_AYCIg34hPyKzuk2fnyuCqelXz-OVfpZ3_OHKlAd14gVjdQ&oe=67C310AF&_nc_sid=6ff7c8,False,False,[],0
54861741228,54861741228,54861741228,fernandobroggi857,Fernando Broggi,True,17841454876857717,0,54861741228,3127920979534222401_54861741228,https://instagram.fepa8-1.fna.fbcdn.net/v/t51.2885-19/354631813_200106179660996_8412092160605378364_n.jpg?stp=dst-jpg_e0_s150x150_tt6&_nc_ht=instagram.fepa8-1.fna.fbcdn.net&_nc_cat=108&_nc_oc=Q6cZ2AFqLpBzb03YCD8oTM0sI0TswjwSeHvDPAlJc_tvSeNS6v4Nwx1rTBthQwXdn-7yMHMap4KEyycXO1xdvzooNh7W&_nc_ohc=YCtJIbke4PEQ7kNvgECk6lb&_nc_gid=c27fa397e41049898f18c7bdb5eb41bc&edm=APQMUHMBAAAA&ccb=7-5&oh=00_AYC44sGuY7yqIje87tgFYA_T5dYkybsV8lYG7uit5FrkmA&oe=67C315A1&_nc_sid=6ff7c8,False,False,[],0
1022885739,1022885739,1022885739,emmazambris,Emma Zambris,True,17841401132185982,0,1022885739,2336063649071707386_1022885739,https://instagram.fepa8-1.fna.fbcdn.net/v/t51.2885-19/104287680_718631632283281_293542163039904372_n.jpg?stp=dst-jpg_e0_s150x150_tt6&_nc_ht=instagram.fepa8-1.fna.fbcdn.net&_nc_cat=101&_nc_oc=Q6cZ2AFqLpBzb03YCD8oTM0sI0TswjwSeHvDPAlJc_tvSeNS6v4Nwx1rTBthQwXdn-7yMHMap4KEyycXO1xdvzooNh7W&_nc_ohc=Qz5fQy6eMakQ7kNvgFqOinR&_nc_gid=c27fa397e41049898f18c7bdb5eb41bc&edm=APQMUHMBAAAA&ccb=7-5&oh=00_AYCUTIhrLC9RJFJPMm6OOdV4cc25_BQUIrBRWDPDYCafIg&oe=67C30649&_nc_sid=6ff7c8,False,False,[],0
9056516172,9056516172,9056516172,mariana.peralta17,Mariana Peralta,True,17841409005182064,0,9056516172,1880824293400897326_9056516172,https://instagram.fepa8-1.fna.fbcdn.net/v/t51.2885-19/42515508_896472853880886_6396109002790404096_n.jpg?stp=dst-jpg_e0_s150x150_tt6&_nc_ht=instagram.fepa8-1.fna.fbcdn.net&_nc_cat=106&_nc_oc=Q6cZ2AFqLpBzb03YCD8oTM0sI0TswjwSeHvDPAlJc_tvSeNS6v4Nwx1rTBthQwXdn-7yMHMap4KEyycXO1xdvzooNh7W&_nc_ohc=HV-pDRAbUo4Q7kNvgE_ewFq&_nc_gid=c27fa397e41049898f18c7bdb5eb41bc&edm=APQMUHMBAAAA&ccb=7-5&oh=00_AYAbFg9mB9rBKdPDc-bWIQ4k-Sde47idIMMSVJpRp4kEnQ&oe=67C30BEF&_nc_sid=6ff7c8,False,False,[],0
2522398976,2522398976,2522398976,luismatiasmasan,Luis Matias Masan,False,17841402609295299,1,2522398976,2695385203226370678_2522398976,https://instagram.fepa8-1.fna.fbcdn.net/v/t51.2885-19/250474578_185949950359085_2723177685438479993_n.jpg?stp=dst-jpg_e0_s150x150_tt6&_nc_ht=instagram.fepa8-1.fna.fbcdn.net&_nc_cat=105&_nc_oc=Q6cZ2AFqLpBzb03YCD8oTM0sI0TswjwSeHvDPAlJc_tvSeNS6v4Nwx1rTBthQwXdn-7yMHMap4KEyycXO1xdvzooNh7W&_nc_ohc=Eq3aJSUUXV8Q7kNvgEBXS6P&_nc_gid=c27fa397e41049898f18c7bdb5eb41bc&edm=APQMUHMBAAAA&ccb=7-5&oh=00_AYAeAOOZHmP6rtu4uCwqeJea1EJbxYJDIzYG_uHuj4rwCg&oe=67C30DB3&_nc_sid=6ff7c8,False,False,[],0
3005287550,3005287550,3005287550,sergiogusmantorales,Sergio Gusman Torales,True,17841403106515660,0,3005287550,2892763485227219154_3005287550,https://instagram.fepa8-1.fna.fbcdn.net/v/t51.2885-19/296214470_346014721072591_4532296989146424087_n.jpg?stp=dst-jpg_e0_s150x150_tt6&_nc_ht=instagram.fepa8-1.fna.fbcdn.net&_nc_cat=107&_nc_oc=Q6cZ2AFqLpBzb03YCD8oTM0sI0TswjwSeHvDPAlJc_tvSeNS6v4Nwx1rTBthQwXdn-7yMHMap4KEyycXO1xdvzooNh7W&_nc_ohc=7wM72-fNMBsQ7kNvgF4chsy&_nc_gid=c27fa397e41049898f18c7bdb5eb41bc&edm=APQMUHMBAAAA&ccb=7-5&oh=00_AYBY2nMSff_1hJDCtpC7Pnn4wDkm9mpzCoxjQ8z_eWdx2g&oe=67C30044&_nc_sid=6ff7c8,False,False,[],0
742453826,742453826,742453826,alanzalaz,Alan Catriel Zalazar,True,17841401614791600,0,742453826,3218547951181591517_742453826,https://instagram.fepa8-1.fna.fbcdn.net/v/t51.2885-19/393733765_260316763668787_1927465222411198872_n.jpg?stp=dst-jpg_e0_s150x150_tt6&_nc_ht=instagram.fepa8-1.fna.fbcdn.net&_nc_cat=107&_nc_oc=Q6cZ2AFqLpBzb03YCD8oTM0sI0TswjwSeHvDPAlJc_tvSeNS6v4Nwx1rTBthQwXdn-7yMHMap4KEyycXO1xdvzooNh7W&_nc_ohc=NZrny4LrRuYQ7kNvgHtbAx5&_nc_gid=c27fa397e41049898f18c7bdb5eb41bc&edm=APQMUHMBAAAA&ccb=7-5&oh=00_AYC4pLEKEgXIES65da_0I9PiW07nTjBNWkDddPRA0CM9uQ&oe=67C2F1C7&_nc_sid=6ff7c8,False,False,[],0
8911837990,8911837990,8911837990,blo_ndy,blondy,True,17841409059703979,0,8911837990,,https://instagram.fthe5-1.fna.fbcdn.net/v/t51.2885-19/464760996_1254146839119862_3605321457742435801_n.png?stp=dst-jpg_e0_s150x150_tt6&cb=8577c754-c2464923&_nc_ht=instagram.fthe5-1.fna.fbcdn.net&_nc_cat=1&_nc_oc=Q6cZ2AG3iqxNi9S2_T_WXsm56BiLK5SWmJSJI52_t3luykZa6wS2YC12lwuYU2gzJariOmarHailrAyIUoXu_F4wJJs3&_nc_ohc=eypxxBEX0fgQ7kNvgGFC6SA&_nc_gid=c68b3f34eac04ab99683664da5be023d&edm=AL4D0a4BAAAA&ccb=7-5&ig_cache_key=YW5vbnltb3VzX3Byb2ZpbGVfcGlj.3-ccb7-5-cb8577c754-c2464923&oh=00_AYD8A10OYz1Gwup1gz9RU0n56wQgx5cOA6SMOLaairzJsQ&oe=67C2E9E8&_nc_sid=9e8221,False,True,[],0
